,Player,PTS,TRB,AST,STL,BLK,TOV,FG%,3P%,Age,Pos,GS,YOE,BPM,VORP,WS/48,Salary
0,James Harden,29.1,8.1,11.2,1.5,0.5,5.7,0.44,0.347,27.0,PG,81.0,9.0,8.7,8.0,0.245,"34,767,531"
1,Isaiah Thomas,28.9,2.7,5.9,0.9,0.2,2.8,0.463,0.379,27.0,PG,76.0,7.0,6.7,5.6,0.234,"8,629,141"
2,Anthony Davis,28.0,11.8,2.1,1.3,2.2,2.4,0.505,0.299,23.0,C,75.0,6.0,5.9,5.4,0.195,"28,972,942"
3,DeMar DeRozan,27.3,5.2,3.9,1.1,0.2,2.4,0.467,0.266,27.0,SG,74.0,9.0,3.0,3.3,0.166,"34,767,531"
4,DeMarcus Cousins,27.0,11.0,4.6,1.4,1.3,3.7,0.452,0.361,26.0,C,72.0,8.0,6.8,5.5,0.149,"20,640,933"
5,Damian Lillard,27.0,4.9,5.9,0.9,0.3,2.6,0.444,0.37,26.0,PG,75.0,6.0,5.0,4.8,0.185,"31,870,236"
6,LeBron James,26.4,8.6,8.7,1.2,0.6,4.1,0.548,0.363,32.0,SF,74.0,15.0,7.6,6.7,0.221,"40,562,119"
7,Kawhi Leonard,25.5,5.8,3.5,1.8,0.7,2.1,0.485,0.38,25.0,SF,74.0,7.0,9.4,7.1,0.264,"23,105,862"
8,Stephen Curry,25.3,4.5,6.6,1.8,0.2,3.0,0.468,0.411,28.0,PG,79.0,9.0,6.9,5.9,0.229,"15,867,190"
9,Kyrie Irving,25.2,3.2,5.8,1.2,0.3,2.5,0.473,0.401,24.0,PG,72.0,7.0,3.4,3.4,0.17,"23,105,862"
10,Kevin Durant,25.1,8.3,4.8,1.1,1.6,2.2,0.537,0.375,28.0,PF,62.0,11.0,8.9,5.7,0.278,"34,767,531"
11,Jimmy Butler,23.9,6.2,5.5,1.9,0.4,2.1,0.455,0.367,27.0,SF,75.0,7.0,7.3,6.6,0.236,"22,993,393"
12,Paul George,23.7,6.6,3.3,1.6,0.4,2.9,0.461,0.393,26.0,SF,75.0,8.0,3.1,3.4,0.126,"23,711,000"
13,Andrew Wiggins,23.6,4.0,2.3,1.0,0.4,2.3,0.452,0.356,21.0,SF,82.0,4.0,-1.7,0.2,0.066,"7,868,646"
14,Kemba Walker,23.2,3.9,5.5,1.1,0.3,2.1,0.444,0.399,26.0,PG,79.0,7.0,4.1,4.2,0.142,"15,720,000"
15,Bradley Beal,23.1,3.1,3.5,1.1,0.3,2.0,0.482,0.404,23.0,SG,77.0,6.0,3.3,3.5,0.152,"28,972,942"
16,John Wall,23.1,4.2,10.7,2.0,0.6,4.1,0.451,0.327,26.0,PG,78.0,8.0,4.7,4.8,0.149,"20,640,933"
17,CJ McCollum,23.0,3.6,3.6,0.9,0.5,2.2,0.48,0.421,25.0,SG,80.0,5.0,2.0,2.8,0.131,"4,217,648"
18,Giannis Antetokounmpo,22.9,8.8,5.4,1.6,1.9,2.9,0.521,0.272,22.0,SF,80.0,5.0,7.3,6.7,0.21,"3,924,000"
19,Carmelo Anthony,22.4,5.9,2.9,0.8,0.5,2.1,0.433,0.359,32.0,SF,74.0,15.0,0.7,1.7,0.089,"32,172,787"
20,Kyle Lowry,22.4,4.8,7.0,1.5,0.3,2.9,0.464,0.412,30.0,PG,60.0,12.0,6.1,4.6,0.216,"15,720,000"
21,Klay Thompson,22.3,3.7,2.1,0.8,0.5,1.6,0.468,0.414,26.0,SG,78.0,7.0,0.8,1.9,0.129,"21,829,283"
22,Devin Booker,22.1,3.2,3.4,0.9,0.3,3.1,0.423,0.363,20.0,SG,78.0,3.0,-1.9,0.1,0.035,"2,912,916"
23,Gordon Hayward,21.9,5.4,3.5,1.0,0.3,1.9,0.471,0.398,26.0,SF,73.0,8.0,5.0,4.5,0.199,"21,055,813"
24,Blake Griffin,21.6,8.1,4.9,0.9,0.4,2.3,0.493,0.336,27.0,PF,61.0,8.0,4.7,3.5,0.179,"26,321,913"
25,Eric Bledsoe,21.1,4.8,6.3,1.4,0.5,3.4,0.434,0.335,27.0,PG,66.0,8.0,3.6,3.1,0.118,"18,340,000"
26,Mike Conley,20.5,3.5,6.3,1.3,0.3,2.3,0.46,0.408,29.0,PG,68.0,11.0,6.8,5.1,0.209,"34,767,531"
27,Brook Lopez,20.5,5.4,2.3,0.5,1.7,2.5,0.474,0.346,28.0,C,75.0,10.0,2.3,2.4,0.105,"27,727,034"
28,Goran Dragić,20.3,3.8,5.8,1.2,0.2,2.9,0.475,0.405,30.0,PG,73.0,10.0,2.6,2.9,0.147,"20,818,159"
29,Joel Embiid,20.2,7.8,2.1,0.9,2.5,3.8,0.466,0.367,22.0,C,31.0,2.0,4.5,1.3,0.117,"6,322,269"
30,Jabari Parker,20.1,6.2,2.8,1.0,0.4,1.8,0.49,0.365,21.0,PF,50.0,4.0,0.7,1.2,0.112,"7,040,359"
31,Marc Gasol,19.5,6.3,4.6,0.9,1.3,2.2,0.459,0.388,32.0,C,74.0,10.0,5.2,4.6,0.145,"27,727,034"
32,Harrison Barnes,19.2,5.0,1.5,0.8,0.2,1.3,0.468,0.351,24.0,PF,79.0,6.0,-0.8,0.8,0.078,"28,972,942"
33,Kevin Love,19.0,11.1,1.9,0.9,0.4,2.0,0.427,0.373,28.0,PF,60.0,10.0,2.1,1.9,0.163,"27,727,034"
34,Zach LaVine,18.9,3.4,3.0,0.9,0.2,1.8,0.459,0.387,21.0,SG,47.0,4.0,0.1,0.9,0.082,"2,935,552"
35,Rudy Gay,18.7,6.3,2.8,1.5,0.9,2.5,0.455,0.372,30.0,SF,30.0,12.0,1.9,1.0,0.087,"17,466,666"
36,Dwyane Wade,18.3,4.5,3.8,1.4,0.7,2.3,0.434,0.31,35.0,SG,59.0,15.0,2.5,2.1,0.09,"30,392,000"
37,Danilo Gallinari,18.2,5.2,2.1,0.6,0.2,1.3,0.447,0.389,28.0,SF,63.0,10.0,1.4,1.9,0.154,"19,715,500"
38,Paul Millsap,18.1,7.7,3.7,1.3,0.9,2.3,0.442,0.311,31.0,PF,67.0,12.0,2.1,2.4,0.132,"26,294,363"
39,Chris Paul,18.1,5.0,9.2,2.0,0.1,2.4,0.476,0.411,31.0,PG,61.0,13.0,8.7,5.2,0.264,"29,958,163"
40,Derrick Rose,18.0,3.8,4.4,0.7,0.3,2.3,0.471,0.217,28.0,PG,64.0,10.0,-1.0,0.5,0.068,"27,933,460"
41,Dennis Schröder,17.9,3.1,6.3,0.9,0.2,3.3,0.451,0.34,23.0,PG,78.0,5.0,0.0,1.3,0.071,"3,548,242"
42,Lou Williams,17.5,2.5,3.0,1.0,0.2,2.0,0.429,0.365,30.0,SG,1.0,13.0,3.9,3.0,0.148,"9,170,000"
43,Evan Fournier,17.2,3.1,3.0,1.0,0.1,2.1,0.439,0.356,24.0,SG,66.0,6.0,-1.3,0.4,0.059,"22,270,000"
44,Hassan Whiteside,17.0,14.1,0.7,0.7,2.1,2.0,0.557,,27.0,C,77.0,8.0,1.5,2.2,0.181,"28,972,942"
45,George Hill,16.9,3.4,4.2,1.0,0.2,1.7,0.477,0.403,30.0,PG,49.0,10.0,3.8,2.3,0.182,"10,480,000"
46,Nikola Jokić,16.7,9.8,4.9,0.8,0.8,2.3,0.578,0.324,21.0,C,59.0,3.0,7.3,4.8,0.228,"1,779,635"
47,Avery Bradley,16.3,6.1,2.2,1.2,0.2,1.6,0.463,0.39,26.0,SG,55.0,8.0,-0.6,0.7,0.081,"10,833,258"
48,Eric Gordon,16.2,2.7,2.5,0.6,0.5,1.6,0.406,0.372,28.0,SG,15.0,10.0,-0.1,1.1,0.079,"16,225,221"
49,Tobias Harris,16.1,5.1,1.7,0.7,0.5,1.2,0.481,0.347,24.0,PF,48.0,7.0,1.6,2.3,0.128,"22,532,000"
50,Victor Oladipo,15.9,4.3,2.6,1.2,0.3,1.8,0.442,0.361,24.0,SG,67.0,5.0,-0.5,0.8,0.085,"8,584,377"
51,Dion Waiters,15.8,3.3,4.3,0.9,0.4,2.2,0.424,0.395,25.0,SG,43.0,6.0,-0.1,0.7,0.057,"3,796,380"
52,Wilson Chandler,15.7,6.5,2.0,0.7,0.4,1.6,0.461,0.337,29.0,SF,33.0,11.0,-1.0,0.5,0.077,"14,715,421"
53,D'Angelo Russell,15.6,3.5,4.8,1.4,0.3,2.8,0.405,0.352,20.0,PG,60.0,3.0,-0.8,0.6,0.033,"6,985,968"
54,Jrue Holiday,15.4,3.9,7.3,1.5,0.7,2.9,0.454,0.356,26.0,PG,61.0,9.0,1.3,1.8,0.084,"14,410,000"
55,Jeff Teague,15.3,4.0,7.8,1.2,0.4,2.6,0.442,0.357,28.0,PG,82.0,9.0,2.2,2.8,0.146,"10,480,000"
56,Nicolas Batum,15.1,6.2,5.9,1.1,0.4,2.5,0.403,0.333,28.0,SG,77.0,10.0,0.8,1.9,0.084,"27,339,131"
57,JJ Redick,15.0,2.2,1.4,0.7,0.2,1.3,0.445,0.429,32.0,SG,78.0,12.0,0.4,1.4,0.105,"9,664,525"
58,Gary Harris,14.9,3.1,2.9,1.2,0.1,1.3,0.502,0.42,22.0,SG,56.0,4.0,0.7,1.2,0.124,"2,169,202"
59,Serge Ibaka,14.8,6.8,0.9,0.5,1.6,1.3,0.48,0.391,27.0,PF,79.0,9.0,0.1,1.2,0.101,"16,047,500"
60,Jordan Clarkson,14.7,3.0,2.6,1.1,0.1,2.0,0.445,0.329,24.0,SG,19.0,4.0,-2.5,-0.3,0.024,"16,375,000"
61,Khris Middleton,14.7,4.2,3.4,1.4,0.2,2.2,0.45,0.433,25.0,SF,23.0,6.0,-0.3,0.4,0.085,"19,912,000"
62,Nikola Vučević,14.6,10.4,2.8,1.0,1.0,1.6,0.468,0.307,26.0,C,55.0,7.0,1.4,1.9,0.088,"15,392,500"
63,Tim Hardaway Jr.,14.5,2.8,2.3,0.7,0.2,1.3,0.455,0.357,24.0,SG,30.0,5.0,0.5,1.4,0.107,"2,988,902"
64,Reggie Jackson,14.5,2.2,5.2,0.7,0.1,2.2,0.419,0.359,26.0,PG,50.0,7.0,-1.0,0.4,0.065,"19,593,043"
65,Jeremy Lin,14.5,3.8,5.1,1.2,0.4,2.4,0.438,0.372,28.0,PG,33.0,8.0,2.0,0.9,0.116,"15,043,062"
66,Myles Turner,14.5,7.3,1.3,0.9,2.1,1.3,0.511,0.348,20.0,C,81.0,3.0,1.1,2.0,0.151,"3,118,376"
67,T.J. Warren,14.4,5.1,1.1,1.2,0.6,0.9,0.495,0.265,23.0,SF,59.0,4.0,-0.6,0.7,0.096,"2,788,885"
68,Dirk Nowitzki,14.2,6.5,1.5,0.6,0.7,0.9,0.437,0.378,38.0,PF,54.0,20.0,0.8,1.0,0.084,"32,750,000"
69,Jordan Crawford,14.1,1.8,3.0,0.6,0.1,1.3,0.482,0.389,28.0,SG,0.0,8.0,1.3,0.4,0.102,"307,745"
70,Zach Randolph,14.1,8.2,1.7,0.5,0.1,1.4,0.449,0.223,35.0,PF,5.0,17.0,-0.5,0.7,0.086,"13,100,000"
71,Rudy Gobert,14.0,12.8,1.2,0.6,2.6,1.8,0.661,0.0,24.0,C,81.0,5.0,4.4,4.4,0.25,"2,778,885"
72,Al Horford,14.0,6.8,5.0,0.8,1.3,1.7,0.473,0.355,30.0,C,68.0,11.0,3.4,3.0,0.138,"34,767,531"
73,Marcus Morris,14.0,4.6,2.0,0.7,0.3,1.1,0.418,0.331,27.0,SF,79.0,7.0,-1.1,0.6,0.072,"6,058,750"
74,Markieff Morris,14.0,6.5,1.7,1.1,0.6,1.7,0.457,0.362,27.0,PF,76.0,7.0,-1.5,0.3,0.083,"9,694,000"
75,Jae Crowder,13.9,5.8,2.2,1.0,0.3,1.1,0.463,0.398,26.0,SF,72.0,6.0,0.9,1.7,0.137,"8,235,194"
76,Bojan Bogdanović,13.7,3.4,1.4,0.4,0.1,1.6,0.445,0.367,27.0,SF,54.0,4.0,-2.2,-0.1,0.067,"4,680,656"
77,Will Barton,13.7,4.3,3.4,0.8,0.5,1.6,0.443,0.37,26.0,SG,19.0,6.0,0.2,1.0,0.093,"4,628,666"
78,Tyler Johnson,13.7,4.0,3.2,1.2,0.6,1.2,0.433,0.372,24.0,PG,0.0,4.0,1.4,1.8,0.128,"7,372,680"
79,Ryan Anderson,13.6,4.6,0.9,0.4,0.2,0.8,0.418,0.403,28.0,PF,72.0,10.0,-0.4,0.9,0.117,"24,543,326"
80,Andre Drummond,13.6,13.8,1.1,1.5,1.1,1.9,0.53,0.286,23.0,C,81.0,6.0,1.0,1.8,0.133,"28,972,942"
81,Dwight Howard,13.5,12.7,1.4,0.9,1.2,2.3,0.633,0.0,31.0,C,74.0,14.0,1.4,1.9,0.181,"30,785,000"
82,Wesley Matthews,13.5,3.5,2.9,1.1,0.2,1.4,0.393,0.363,30.0,SG,73.0,9.0,-0.8,0.8,0.06,"22,461,047"
83,Otto Porter Jr.,13.4,6.4,1.5,1.5,0.5,0.6,0.516,0.434,23.0,SF,80.0,5.0,3.3,3.5,0.173,"7,721,115"
84,Darren Collison,13.2,2.2,4.6,1.0,0.1,1.7,0.476,0.417,29.0,PG,64.0,9.0,-0.9,0.6,0.091,"6,850,584"
85,Julius Randle,13.2,8.6,3.6,0.7,0.5,2.3,0.488,0.27,22.0,PF,73.0,4.0,-0.9,0.6,0.08,"4,279,927"
86,Nick Young,13.2,2.3,1.0,0.6,0.2,0.6,0.43,0.404,31.0,SG,60.0,11.0,-0.1,0.7,0.098,"7,131,532"
87,Ersan İlyasova,13.1,5.9,1.7,0.7,0.3,1.4,0.431,0.353,29.0,PF,52.0,12.0,0.1,1.1,0.091,"11,004,000"
88,Sean Kilpatrick,13.1,4.0,2.2,0.6,0.1,1.9,0.415,0.341,27.0,SG,24.0,4.0,-2.3,-0.1,0.04,"1,284,364"
89,Robert Covington,12.9,6.5,1.5,1.9,1.0,2.0,0.399,0.333,26.0,SF,67.0,5.0,0.2,1.1,0.071,"1,330,561"
90,Seth Curry,12.8,2.6,2.7,1.1,0.1,1.3,0.481,0.425,26.0,PG,42.0,5.0,1.2,1.7,0.11,"3,796,380"
91,James Johnson,12.8,4.9,3.6,1.0,1.1,2.3,0.479,0.34,29.0,PF,5.0,9.0,2.8,2.5,0.117,"5,240,000"
92,Elfrid Payton,12.8,4.7,6.5,1.1,0.5,2.2,0.471,0.274,22.0,PG,58.0,4.0,0.8,1.7,0.088,"3,423,816"
93,Dario Šarić,12.8,6.3,2.2,0.7,0.4,2.3,0.411,0.311,22.0,PF,36.0,2.0,-2.3,-0.2,0.023,"3,036,946"
94,Aaron Gordon,12.7,5.1,1.9,0.8,0.5,1.1,0.454,0.288,21.0,SF,72.0,4.0,-1.0,0.6,0.077,"5,700,229"
95,Rodney Hood,12.7,3.4,1.6,0.6,0.2,1.1,0.408,0.371,24.0,SG,55.0,4.0,-0.9,0.4,0.078,"1,842,541"
96,DeAndre Jordan,12.7,13.8,1.2,0.6,1.7,1.4,0.714,0.0,28.0,C,81.0,10.0,3.3,3.5,0.221,"27,727,034"
97,Clint Capela,12.6,8.1,1.0,0.5,1.2,1.3,0.643,,22.0,C,59.0,4.0,1.2,1.2,0.184,"1,698,074"
98,Pau Gasol,12.4,7.8,2.3,0.4,1.1,1.3,0.502,0.538,36.0,C,39.0,17.0,4.0,2.5,0.19,"20,305,000"
99,Jamal Crawford,12.3,1.6,2.6,0.7,0.2,1.6,0.413,0.36,36.0,SG,1.0,18.0,-2.1,0.0,0.043,"17,361,445"
100,Austin Rivers,12.0,2.2,2.8,0.6,0.1,1.6,0.442,0.371,24.0,SG,29.0,6.0,-2.2,-0.1,0.059,"14,410,000"
101,Jonas Valančiūnas,12.0,9.5,0.7,0.5,0.8,1.3,0.557,0.5,24.0,C,80.0,6.0,0.3,1.2,0.183,"18,840,450"
102,Jahlil Okafor,11.8,4.8,1.2,0.4,1.0,1.8,0.514,,21.0,C,33.0,3.0,-2.5,-0.1,0.05,"6,273,380"
103,Trevor Ariza,11.7,5.7,2.2,1.8,0.3,0.9,0.409,0.344,31.0,SF,80.0,14.0,1.0,2.1,0.104,"10,218,000"
104,Frank Kaminsky,11.7,4.5,2.2,0.6,0.5,1.0,0.399,0.328,23.0,C,16.0,3.0,-1.2,0.4,0.056,"3,576,300"
105,Greg Monroe,11.7,6.6,2.3,1.1,0.5,1.7,0.533,0.0,26.0,C,0.0,8.0,1.8,1.7,0.147,"22,461,047"
106,Steven Adams,11.3,7.7,1.1,1.1,1.0,1.8,0.571,0.0,23.0,C,80.0,5.0,-0.2,1.1,0.13,"4,114,077"
107,Marvin Williams,11.2,6.6,1.4,0.8,0.7,0.8,0.422,0.35,30.0,PF,76.0,13.0,0.0,1.1,0.105,"16,047,500"
108,Ricky Rubio,11.1,4.1,9.1,1.7,0.1,2.6,0.402,0.306,26.0,PG,75.0,7.0,0.9,1.8,0.119,"17,554,000"
109,Deron Williams,11.0,2.3,5.6,0.5,0.1,2.2,0.438,0.363,32.0,PG,44.0,13.0,-1.8,0.1,0.069,"11,790,000"
110,Deron Williams,11.0,2.3,5.6,0.5,0.1,2.2,0.438,0.363,32.0,PG,44.0,13.0,-1.8,0.1,0.069,"7,171,970"
111,Deron Williams,11.0,2.3,5.6,0.5,0.1,2.2,0.438,0.363,32.0,PG,44.0,13.0,-1.8,0.1,0.069,"538,060"
112,Terrence Ross,11.0,2.6,1.1,1.1,0.4,0.9,0.437,0.363,25.0,SF,24.0,6.0,-0.2,0.9,0.086,"13,100,000"
113,Jerryd Bayless,11.0,4.0,4.3,0.0,0.0,3.0,0.344,0.4,28.0,PG,1.0,10.0,-4.4,0.0,-0.067,"12,345,550"
114,Kent Bazemore,11.0,3.2,2.4,1.2,0.7,1.7,0.409,0.346,27.0,SF,64.0,6.0,-1.0,0.5,0.052,"20,606,741"
115,Brandon Knight,11.0,2.2,2.4,0.5,0.1,1.6,0.398,0.324,25.0,SG,5.0,7.0,-2.8,-0.2,0.015,"16,514,187"
116,Emmanuel Mudiay,11.0,3.2,3.9,0.7,0.2,2.2,0.377,0.315,20.0,PG,41.0,3.0,-3.2,-0.4,0.006,"4,246,758"
117,Thaddeus Young,11.0,6.1,1.6,1.5,0.4,1.3,0.527,0.381,28.0,PF,74.0,11.0,0.5,1.4,0.1,"15,823,034"
118,Justise Winslow,10.9,5.2,3.7,1.4,0.3,1.8,0.356,0.2,20.0,SF,15.0,3.0,-3.8,-0.3,-0.009,"3,397,406"
119,Taj Gibson,10.8,6.2,0.9,0.5,0.8,1.3,0.515,0.231,31.0,PF,71.0,9.0,-1.5,0.2,0.097,"11,724,500"
120,Terrence Jones,10.8,5.7,1.1,0.7,1.0,0.9,0.47,0.253,25.0,PF,12.0,6.0,-0.6,0.5,0.086,"1,376,758"
121,Terrence Jones,10.8,5.7,1.1,0.7,1.0,0.9,0.47,0.253,25.0,PF,12.0,6.0,-0.6,0.5,0.086,"204,665"
122,Marcin Gortat,10.8,10.4,1.5,0.5,0.7,1.5,0.579,0.0,32.0,C,82.0,11.0,-0.8,0.8,0.127,"15,720,000"
123,Courtney Lee,10.8,3.4,2.3,1.1,0.3,0.9,0.456,0.401,31.0,SG,74.0,10.0,-0.9,0.7,0.081,"14,727,020"
124,Allen Crabbe,10.7,2.9,1.2,0.7,0.3,0.8,0.468,0.444,24.0,SG,7.0,5.0,-1.3,0.4,0.089,"24,235,000"
125,C.J. Miles,10.7,3.0,0.6,0.6,0.3,0.5,0.434,0.413,29.0,SF,29.0,,0.5,1.1,0.109,"6,004,319"
126,Alex Poythress,10.7,4.8,0.8,0.5,0.3,0.5,0.463,0.316,23.0,PF,1.0,2.0,-2.9,0.0,0.099,"50,254"
127,Alex Poythress,10.7,4.8,0.8,0.5,0.3,0.5,0.463,0.316,23.0,PF,1.0,2.0,-2.9,0.0,0.099,"46,349"
128,Buddy Hield,10.6,3.3,1.5,0.5,0.1,1.2,0.426,0.391,24.0,SG,55.0,2.0,-2.0,0.0,0.032,"4,607,532"
129,Nikola Mirotić,10.6,5.5,1.1,0.8,0.8,1.1,0.413,0.342,25.0,PF,15.0,4.0,0.7,1.1,0.107,"7,575,009"
130,Marcus Smart,10.6,3.9,4.6,1.6,0.4,2.0,0.359,0.283,22.0,SG,24.0,4.0,-1.3,0.4,0.064,"4,688,332"
131,Marco Belinelli,10.5,2.4,2.0,0.6,0.1,0.9,0.429,0.36,30.0,SG,0.0,11.0,-1.1,0.4,0.087,"8,296,666"
132,Wayne Ellington,10.5,2.1,1.1,0.6,0.1,0.5,0.416,0.378,29.0,SG,13.0,9.0,-0.1,0.7,0.105,"7,860,000"
133,Mason Plumlee,10.4,7.5,3.5,0.9,1.1,1.7,0.536,0.0,26.0,C,64.0,5.0,2.0,2.2,0.135,"3,050,374"
134,Robin Lopez,10.4,6.4,1.0,0.2,1.4,1.1,0.493,0.0,28.0,C,81.0,10.0,-2.2,-0.1,0.09,"17,317,217"
135,Tyreke Evans,10.3,3.4,3.1,0.9,0.2,1.5,0.405,0.356,27.0,SF,6.0,9.0,0.4,0.5,0.045,"13,366,919"
136,Cody Zeller,10.3,6.5,1.6,1.0,0.9,1.0,0.571,0.0,24.0,C,58.0,5.0,0.2,1.0,0.157,"6,966,990"
137,Jusuf Nurkić,10.2,7.2,1.9,0.8,1.1,2.2,0.507,0.0,22.0,C,48.0,4.0,-0.9,0.4,0.068,"2,516,929"
138,Malcolm Brogdon,10.2,2.8,4.2,1.1,0.2,1.5,0.457,0.404,24.0,SG,28.0,2.0,-0.4,0.8,0.1,"1,146,250"
139,Draymond Green,10.2,7.9,7.0,2.0,1.4,2.4,0.418,0.308,26.0,PF,76.0,6.0,4.9,4.3,0.16,"20,082,869"
140,Jon Leuer,10.2,5.4,1.5,0.4,0.3,0.9,0.48,0.293,27.0,PF,34.0,7.0,-0.1,1.0,0.112,"14,399,463"
141,Josh Richardson,10.2,3.2,2.6,1.1,0.7,1.2,0.394,0.33,23.0,SG,34.0,3.0,-1.1,0.4,0.066,"1,145,773"
142,Kyle Korver,10.1,2.8,1.6,0.5,0.3,1.0,0.464,0.451,35.0,SG,22.0,15.0,0.0,0.9,0.1,"6,863,662"
143,Tony Parker,10.1,1.8,4.5,0.5,0.0,1.4,0.466,0.333,34.0,PG,63.0,17.0,-2.6,-0.2,0.092,"18,923,360"
144,Yogi Ferrell,10.0,2.4,3.7,0.9,0.2,1.5,0.406,0.386,23.0,PG,29.0,2.0,-1.1,0.3,0.072,"271,170"
145,Yogi Ferrell,10.0,2.4,3.7,0.9,0.2,1.5,0.406,0.386,23.0,PG,29.0,2.0,-1.1,0.3,0.072,"265,013"
146,Trevor Booker,10.0,8.0,1.9,1.1,0.4,1.8,0.516,0.321,29.0,PF,43.0,8.0,-0.6,0.6,0.086,"12,117,500"
147,Gorgui Dieng,10.0,7.9,1.9,1.1,1.2,1.3,0.502,0.372,27.0,PF,82.0,5.0,-0.1,1.3,0.103,"3,076,904"
148,Ty Lawson,9.9,2.6,4.8,1.1,0.1,1.9,0.454,0.288,29.0,PG,24.0,9.0,-1.0,0.4,0.088,"1,723,236"
149,Shabazz Muhammad,9.9,2.8,0.4,0.3,0.1,0.7,0.482,0.338,24.0,SF,1.0,5.0,-2.4,-0.1,0.086,"3,990,651"
150,Jamal Murray,9.9,2.6,2.1,0.6,0.3,1.4,0.404,0.334,19.0,SG,10.0,2.0,-2.0,0.0,0.037,"4,206,200"
151,Richaun Holmes,9.8,5.5,1.0,0.7,1.0,1.0,0.558,0.351,23.0,C,17.0,3.0,1.0,0.9,0.151,"1,341,440"
152,Jeremy Lamb,9.7,4.3,1.2,0.4,0.4,0.6,0.46,0.281,24.0,SG,5.0,6.0,0.5,0.7,0.115,"9,170,000"
153,Kenneth Faried,9.6,7.6,0.9,0.7,0.7,1.0,0.548,0.0,27.0,PF,34.0,7.0,0.3,0.7,0.168,"15,823,034"
154,E'Twaun Moore,9.6,2.1,2.2,0.7,0.4,0.8,0.457,0.37,27.0,SG,22.0,7.0,-1.6,0.2,0.07,"11,529,785"
155,Patrick Beverley,9.5,5.9,4.2,1.5,0.4,1.5,0.42,0.382,28.0,SG,67.0,6.0,1.1,1.6,0.123,"7,860,000"
156,Derrick Favors,9.5,6.1,1.1,0.9,0.8,1.2,0.487,0.3,25.0,PF,39.0,8.0,-0.1,0.6,0.109,"14,475,500"
157,Nik Stauskas,9.5,2.8,2.4,0.6,0.4,1.6,0.396,0.368,23.0,SG,27.0,4.0,-2.8,-0.5,0.031,"3,920,882"
158,Michael Beasley,9.4,3.4,0.9,0.5,0.5,1.2,0.532,0.419,28.0,PF,6.0,10.0,-0.8,0.3,0.092,"1,838,730"
159,Brandon Ingram,9.4,4.0,2.1,0.6,0.5,1.5,0.402,0.294,19.0,SF,40.0,2.0,-4.4,-1.4,-0.007,"6,919,000"
160,Ish Smith,9.4,2.9,5.2,0.8,0.4,1.4,0.439,0.267,28.0,PG,32.0,8.0,0.3,1.1,0.076,"6,984,564"
161,Cory Joseph,9.3,2.9,3.3,0.8,0.2,1.4,0.452,0.356,25.0,PG,22.0,7.0,-1.3,0.4,0.082,"9,582,650"
162,Marquese Chriss,9.2,4.2,0.7,0.8,0.9,1.3,0.449,0.321,19.0,PF,75.0,2.0,-2.2,-0.1,0.05,"3,853,286"
163,Jeff Green,9.2,3.1,1.2,0.5,0.2,1.1,0.394,0.275,30.0,PF,11.0,11.0,-3.6,-0.6,0.022,"19,650,000"
164,Gerald Henderson,9.2,2.6,1.6,0.6,0.2,0.9,0.423,0.353,29.0,SG,41.0,39.0,-3.1,-0.5,0.059,"11,790,000"
165,Joe Johnson,9.2,3.1,1.8,0.5,0.2,0.9,0.436,0.411,35.0,SF,14.0,17.0,0.4,1.1,0.099,"14,410,000"
166,Michael Kidd-Gilchrist,9.2,7.0,1.4,1.0,1.0,0.7,0.477,0.111,23.0,SF,81.0,6.0,-0.7,0.7,0.119,"17,030,000"
167,Jameer Nelson,9.2,2.6,5.1,0.7,0.1,1.7,0.444,0.388,34.0,PG,39.0,14.0,-2.0,0.0,0.066,"5,948,087"
168,Tony Allen,9.1,5.5,1.4,1.6,0.4,1.4,0.461,0.278,35.0,SG,66.0,14.0,-1.0,0.5,0.077,"6,550,000"
169,Channing Frye,9.1,3.9,0.6,0.4,0.5,0.7,0.458,0.409,33.0,C,15.0,13.0,1.0,1.1,0.125,"10,227,132"
170,Montrezl Harrell,9.1,3.8,1.1,0.3,0.7,0.8,0.652,0.143,23.0,C,14.0,3.0,1.0,0.8,0.183,"1,368,950"
171,Nenê,9.1,4.2,1.0,0.8,0.6,1.1,0.617,0.333,34.0,C,8.0,16.0,0.8,0.8,0.165,"3,796,380"
172,Jodie Meeks,9.1,2.1,1.3,0.9,0.1,1.0,0.402,0.409,29.0,SG,10.0,9.0,-1.8,0.1,0.073,"8,567,400"
173,Doug McDermott,9.0,2.7,0.9,0.2,0.1,0.6,0.447,0.37,25.0,SF,5.0,4.0,-2.3,-0.1,0.083,"3,252,782"
174,Dahntay Jones,9.0,2.0,1.0,0.0,0.0,1.0,0.375,0.0,36.0,SF,0.0,15.0,-4.8,0.0,-0.03,"31,468"
175,Kelly Olynyk,9.0,4.8,2.0,0.6,0.4,1.3,0.512,0.354,25.0,C,6.0,5.0,0.3,0.9,0.127,"4,053,157"
176,Evan Turner,9.0,3.8,3.2,0.8,0.4,1.5,0.426,0.263,28.0,SF,12.0,8.0,-2.5,-0.2,0.035,"21,475,410"
177,DeMarre Carroll,8.9,3.8,1.0,1.1,0.4,0.8,0.4,0.341,30.0,SF,72.0,9.0,0.0,1.0,0.097,"18,602,000"
178,JaMychal Green,8.9,7.1,1.1,0.6,0.4,1.2,0.5,0.379,26.0,PF,75.0,4.0,-0.8,0.6,0.132,"1,284,364"
179,Skal Labissière,8.8,4.9,0.8,0.5,0.4,1.1,0.537,0.375,20.0,PF,12.0,2.0,-2.3,0.0,0.099,"1,557,380"
180,Nerlens Noel,8.7,5.8,1.0,1.3,1.0,1.0,0.595,0.0,22.0,C,19.0,4.0,2.4,1.2,0.181,"5,743,681"
181,Al-Farouq Aminu,8.7,7.4,1.6,1.0,0.7,1.5,0.393,0.33,26.0,PF,25.0,8.0,-1.1,0.4,0.051,"10,062,064"
182,Rondae Hollis-Jefferson,8.7,5.8,2.0,1.1,0.6,1.5,0.434,0.224,22.0,SF,50.0,3.0,-1.3,0.3,0.07,"1,828,236"
183,J.R. Smith,8.6,2.8,1.5,1.0,0.3,0.6,0.346,0.351,31.0,SG,35.0,,-2.1,0.0,0.034,"16,768,000"
184,Monta Ellis,8.5,2.8,3.2,1.1,0.4,1.8,0.443,0.319,31.0,SG,33.0,13.0,-2.9,-0.5,0.026,"14,100,185"
185,Tony Snell,8.5,3.1,1.2,0.7,0.2,0.7,0.455,0.406,25.0,SG,80.0,5.0,-1.7,0.2,0.071,"3,102,508"
186,Arron Afflalo,8.4,2.0,1.3,0.3,0.1,0.7,0.44,0.411,31.0,SG,45.0,11.0,-3.6,-0.7,0.043,"16,375,000"
187,Tyson Chandler,8.4,11.5,0.6,0.7,0.5,1.4,0.671,,34.0,C,46.0,17.0,0.3,0.8,0.151,"16,263,650"
188,Norman Powell,8.4,2.2,1.1,0.7,0.2,0.9,0.449,0.324,23.0,SG,18.0,3.0,-0.5,0.5,0.097,"1,145,773"
189,Troy Daniels,8.2,1.5,0.7,0.3,0.1,0.7,0.374,0.389,25.0,SG,3.0,5.0,-1.8,0.0,0.051,"4,366,151"
190,Joe Harris,8.2,2.8,1.0,0.6,0.2,1.1,0.425,0.385,25.0,SG,11.0,4.0,-3.5,-0.4,0.032,"1,284,364"
191,Willy Hernangómez,8.2,7.0,1.3,0.6,0.5,1.4,0.529,0.267,22.0,C,22.0,2.0,-0.3,0.6,0.123,"1,801,250"
192,Caris LeVert,8.2,3.3,1.9,0.9,0.1,1.0,0.45,0.321,22.0,SF,26.0,2.0,-1.1,0.3,0.07,"2,046,586"
193,Shawn Long,8.2,4.7,0.7,0.5,0.5,0.7,0.56,0.368,24.0,C,0.0,2.0,1.2,0.2,0.195,"202,410"
194,Willie Cauley-Stein,8.1,4.5,1.1,0.7,0.6,0.9,0.53,0.0,23.0,C,21.0,3.0,-1.0,0.3,0.1,"4,652,019"
195,Al Jefferson,8.1,4.2,0.9,0.3,0.2,0.5,0.499,0.0,32.0,C,1.0,14.0,-1.4,0.1,0.119,"13,401,534"
196,Ben McLemore,8.1,2.1,0.8,0.5,0.1,1.0,0.43,0.382,23.0,SG,27.0,5.0,-4.2,-0.6,0.015,"5,251,635"
197,Tristan Thompson,8.1,9.2,1.0,0.5,1.1,0.8,0.6,0.0,25.0,C,78.0,7.0,-0.7,0.7,0.149,"20,082,869"
198,Vince Carter,8.0,3.1,1.8,0.8,0.5,0.7,0.394,0.378,40.0,SF,15.0,20.0,0.8,1.3,0.106,"5,585,914"
199,Alex Len,8.0,6.6,0.6,0.5,1.3,1.3,0.497,0.25,23.0,C,34.0,5.0,-2.3,-0.1,0.091,"6,318,943"
200,D.J. Augustin,7.9,1.5,2.7,0.4,0.0,1.2,0.377,0.347,29.0,PG,20.0,10.0,-3.0,-0.4,0.038,"9,497,500"
201,Shelvin Mack,7.8,2.3,2.8,0.8,0.1,1.6,0.446,0.308,26.0,PG,9.0,7.0,-2.3,-0.1,0.054,"3,187,667"
202,Sergio Rodríguez,7.8,2.3,5.1,0.7,0.1,1.9,0.392,0.365,30.0,PG,30.0,12.0,-2.7,-0.3,0.023,"8,908,000"
203,Rajon Rondo,7.8,5.1,6.7,1.4,0.2,2.4,0.408,0.376,30.0,PG,42.0,12.0,-0.5,0.7,0.06,"18,340,000"
204,Garrett Temple,7.8,2.8,2.6,1.3,0.4,1.2,0.424,0.373,30.0,SG,20.0,9.0,-0.8,0.5,0.061,"10,480,000"
205,Justin Holiday,7.7,2.7,1.2,0.8,0.4,0.8,0.433,0.355,27.0,SG,4.0,6.0,-0.3,0.7,0.073,"1,330,561"
206,Luol Deng,7.6,5.3,1.3,0.9,0.4,0.8,0.387,0.309,31.0,SF,49.0,14.0,-2.1,0.0,0.029,"23,580,000"
207,Andre Iguodala,7.6,4.0,3.4,1.0,0.5,0.8,0.528,0.362,33.0,SF,0.0,14.0,2.5,2.3,0.167,"14,582,092"
208,Manu Ginóbili,7.5,2.3,2.7,1.2,0.2,1.4,0.39,0.392,39.0,SG,0.0,16.0,1.4,1.1,0.11,"18,340,000"
209,Iman Shumpert,7.5,2.9,1.4,0.8,0.4,1.0,0.411,0.36,26.0,SG,31.0,7.0,-2.3,-0.1,0.05,"12,658,427"
210,Ivica Zubac,7.5,4.2,0.8,0.4,0.9,0.8,0.529,0.0,19.0,C,11.0,2.0,-1.7,0.0,0.086,"1,355,673"
211,Timofey Mozgov,7.4,4.9,0.8,0.3,0.6,1.3,0.515,0.0,30.0,C,52.0,8.0,-4.3,-0.7,0.048,"20,960,000"
212,Isaiah Whitehead,7.4,2.5,2.6,0.6,0.5,1.9,0.402,0.295,21.0,PG,26.0,2.0,-5.1,-1.3,-0.023,"1,407,129"
213,Alan Williams,7.4,6.2,0.5,0.6,0.7,0.8,0.517,0.0,24.0,C,0.0,3.0,-1.3,0.1,0.142,"1,145,773"
214,Archie Goodwin,7.3,1.9,1.6,0.3,0.3,0.9,0.545,0.333,22.0,SG,0.0,5.0,1.9,0.2,0.153,"2,743,256"
215,Archie Goodwin,7.3,1.9,1.6,0.3,0.3,0.9,0.545,0.333,22.0,SG,0.0,5.0,1.9,0.2,0.153,"226,977"
216,Archie Goodwin,7.3,1.9,1.6,0.3,0.3,0.9,0.545,0.333,22.0,SG,0.0,5.0,1.9,0.2,0.153,"109,574"
217,Danny Green,7.3,3.3,1.8,1.0,0.8,1.1,0.392,0.379,29.0,SG,68.0,9.0,0.8,1.3,0.09,"13,100,000"
218,David Lee,7.3,5.6,1.6,0.4,0.5,1.0,0.59,,33.0,PF,10.0,13.0,1.8,1.4,0.186,"2,032,673"
219,Tyler Ulis,7.3,1.6,3.7,0.8,0.1,1.3,0.421,0.266,21.0,PG,15.0,2.0,-2.4,-0.1,0.029,"1,203,063"
220,Thabo Sefolosha,7.2,4.4,1.7,1.5,0.5,0.9,0.441,0.342,32.0,SF,42.0,12.0,0.4,1.0,0.098,"5,240,000"
221,Rodney Stuckey,7.2,2.2,2.2,0.4,0.0,1.4,0.373,0.317,30.0,PG,0.0,11.0,-4.4,-0.4,-0.006,"9,170,000"
222,Brandon Jennings,7.1,2.4,4.9,0.9,0.0,1.6,0.359,0.313,27.0,PG,13.0,9.0,-2.4,-0.2,0.046,"5,747,386"
223,Brandon Jennings,7.1,2.4,4.9,0.9,0.0,1.6,0.359,0.313,27.0,PG,13.0,9.0,-2.4,-0.2,0.046,"1,572,000"
224,Justin Anderson,7.1,3.3,0.9,0.5,0.3,0.9,0.424,0.299,23.0,SF,10.0,3.0,-1.3,0.2,0.074,"1,983,549"
225,Matt Barnes,7.1,5.2,2.6,0.6,0.4,1.4,0.391,0.331,36.0,SF,18.0,15.0,-1.4,0.3,0.053,"8,023,750"
226,Matt Barnes,7.1,5.2,2.6,0.6,0.4,1.4,0.391,0.331,36.0,SF,18.0,15.0,-1.4,0.3,0.053,"502,189"
227,Tim Frazier,7.1,2.7,5.2,0.9,0.1,1.6,0.403,0.313,26.0,PG,35.0,4.0,-2.7,-0.3,0.075,"2,737,900"
228,Joe Ingles,7.1,3.2,2.7,1.2,0.1,1.3,0.452,0.441,29.0,SF,26.0,4.0,1.6,1.8,0.123,"2,751,000"
229,Larry Nance Jr.,7.1,5.9,1.5,1.3,0.6,0.9,0.526,0.278,24.0,PF,7.0,3.0,0.6,1.0,0.118,"1,582,060"
230,Anthony Tolliver,7.1,3.6,1.2,0.5,0.3,0.9,0.442,0.391,31.0,PF,9.0,10.0,-1.0,0.4,0.075,"10,480,000"
231,Solomon Hill,7.0,3.8,1.8,0.9,0.4,1.0,0.383,0.348,25.0,SF,71.0,5.0,-2.7,-0.4,0.055,"15,339,579"
232,Josh Huestis,7.0,4.5,1.5,0.0,1.5,0.0,0.545,0.5,25.0,PF,0.0,3.0,8.8,0.1,0.265,"1,560,838"
233,Justin Hamilton,6.9,4.1,0.9,0.5,0.7,0.7,0.459,0.306,26.0,C,7.0,5.0,-0.8,0.4,0.084,"3,930,000"
234,T.J. McConnell,6.9,3.1,6.6,1.7,0.1,2.0,0.461,0.2,24.0,PG,51.0,3.0,-1.0,0.5,0.084,"1,145,773"
235,Lance Stephenson,6.8,2.9,3.3,0.3,0.2,1.4,0.45,0.3,26.0,SG,0.0,8.0,-4.0,-0.2,0.008,"5,240,000"
236,Lance Stephenson,6.8,2.9,3.3,0.3,0.2,1.4,0.45,0.3,26.0,SG,0.0,8.0,-4.0,-0.2,0.008,"1,607,744"
237,Lance Stephenson,6.8,2.9,3.3,0.3,0.2,1.4,0.45,0.3,26.0,SG,0.0,8.0,-4.0,-0.2,0.008,"189,145"
238,Ian Clark,6.8,1.6,1.2,0.5,0.1,0.7,0.487,0.374,25.0,SG,0.0,5.0,-1.5,0.1,0.099,"1,330,561"
239,Jared Dudley,6.8,3.5,1.9,0.7,0.3,1.1,0.454,0.379,31.0,PF,7.0,11.0,-1.0,0.3,0.064,"13,715,700"
240,John Henson,6.8,5.1,1.0,0.5,1.3,0.9,0.515,0.0,26.0,C,39.0,6.0,-1.6,0.1,0.116,"16,070,563"
241,Bobby Portis,6.8,4.6,0.5,0.3,0.2,0.6,0.488,0.333,21.0,PF,13.0,3.0,-1.5,0.1,0.114,"1,840,026"
242,Brandan Wright,6.8,2.8,0.5,0.4,0.7,0.4,0.615,0.0,29.0,PF,5.0,11.0,1.7,0.4,0.177,"7,479,942"
243,P.J. Tucker,6.7,5.8,1.2,1.4,0.2,0.8,0.413,0.357,31.0,SF,21.0,12.0,-0.3,1.0,0.078,"6,943,000"
244,Alec Burks,6.7,2.9,0.7,0.4,0.1,0.8,0.399,0.329,25.0,SG,0.0,7.0,-2.3,0.0,0.056,"12,974,888"
245,James Ennis III,6.7,4.0,1.0,0.7,0.3,0.9,0.455,0.372,26.0,SF,28.0,4.0,-1.2,0.3,0.101,"3,796,380"
246,Raymond Felton,6.7,2.7,2.4,0.8,0.3,1.0,0.43,0.319,32.0,PG,11.0,13.0,-1.3,0.3,0.055,"2,032,673"
247,Devin Harris,6.7,2.0,2.1,0.7,0.1,0.9,0.399,0.328,33.0,PG,0.0,14.0,-0.4,0.4,0.096,"5,538,674"
248,Dwight Powell,6.7,4.0,0.6,0.8,0.5,0.4,0.515,0.284,25.0,C,3.0,4.0,1.0,1.0,0.165,"10,971,250"
249,Jaylen Brown,6.6,2.8,0.8,0.4,0.2,0.9,0.454,0.341,20.0,SF,20.0,2.0,-3.7,-0.6,0.053,"6,213,330"
250,Michael Carter-Williams,6.6,3.4,2.5,0.8,0.5,1.5,0.366,0.234,25.0,PG,19.0,5.0,-3.2,-0.3,0.013,"4,170,419"
251,Dante Cunningham,6.6,4.2,0.6,0.6,0.4,0.4,0.485,0.392,29.0,PF,35.0,9.0,-1.6,0.2,0.088,"3,930,000"
252,Kosta Koufos,6.6,5.7,0.7,0.5,0.7,0.9,0.551,0.0,27.0,C,62.0,10.0,-2.5,-0.2,0.089,"10,540,915"
253,Andre Roberson,6.6,5.1,1.0,1.2,1.0,0.6,0.464,0.245,25.0,SF,79.0,5.0,-1.0,0.6,0.085,"2,859,824"
254,Marcus Thornton,6.6,2.3,1.2,0.6,0.1,0.8,0.4,0.35,29.0,SG,1.0,9.0,-2.4,-0.1,0.042,"1,723,236"
255,Sam Dekker,6.5,3.7,1.0,0.5,0.3,0.5,0.473,0.321,22.0,PF,2.0,3.0,-0.2,0.6,0.104,"2,253,933"
256,Amir Johnson,6.5,4.6,1.8,0.6,0.8,1.0,0.576,0.409,29.0,PF,77.0,13.0,0.6,1.1,0.149,"15,720,000"
257,Darrell Arthur,6.4,2.7,1.0,0.5,0.5,0.9,0.442,0.453,28.0,PF,7.0,10.0,-0.1,0.3,0.081,"10,571,929"
258,Rodney McGruder,6.4,3.3,1.6,0.6,0.2,0.7,0.413,0.332,25.0,SG,65.0,2.0,-1.9,0.0,0.072,"711,947"
259,Mirza Teletović,6.4,2.3,0.7,0.2,0.2,0.5,0.373,0.341,31.0,PF,2.0,6.0,-3.8,-0.5,0.025,"13,755,000"
260,Leandro Barbosa,6.3,1.6,1.2,0.5,0.1,0.7,0.439,0.357,34.0,SG,0.0,15.0,-2.5,-0.1,0.031,"5,240,000"
261,Kyle O'Quinn,6.3,5.6,1.5,0.5,1.3,1.0,0.521,0.118,26.0,C,8.0,6.0,1.9,1.2,0.151,"5,133,562"
262,Kelly Oubre Jr.,6.3,3.3,0.6,0.7,0.2,0.6,0.421,0.287,21.0,SF,5.0,3.0,-3.2,-0.5,0.061,"2,628,698"
263,Troy Williams,6.2,2.3,0.8,0.9,0.3,1.1,0.437,0.29,22.0,SF,16.0,2.0,-3.8,-0.3,0.032,"711,947"
264,Troy Williams,6.2,2.3,0.8,0.9,0.3,1.1,0.437,0.29,22.0,SF,16.0,2.0,-3.8,-0.3,0.032,"142,389"
265,Spencer Hawes,6.2,3.5,1.5,0.3,0.6,0.9,0.484,0.309,28.0,PF,1.0,11.0,0.5,0.5,0.102,"7,575,009"
266,Nemanja Bjelica,6.2,3.8,1.2,0.6,0.3,0.9,0.424,0.316,28.0,PF,1.0,3.0,-1.6,0.1,0.059,"4,978,000"
267,Dante Exum,6.2,2.0,1.7,0.3,0.2,1.2,0.427,0.295,21.0,PG,26.0,4.0,-3.3,-0.4,0.046,"5,161,819"
268,Jonathan Gibson,6.2,1.3,1.5,0.5,0.0,1.2,0.368,0.333,29.0,PG,0.0,2.0,-3.7,-0.1,-0.03,"879,463"
269,Trey Lyles,6.2,3.3,1.0,0.4,0.3,0.9,0.362,0.319,21.0,PF,4.0,3.0,-2.2,-0.1,0.031,"3,066,186"
270,Mike Muscala,6.2,3.4,1.4,0.4,0.6,0.8,0.504,0.418,25.0,C,3.0,5.0,1.1,1.0,0.132,"1,330,561"
271,Chandler Parsons,6.2,2.5,1.6,0.6,0.1,0.7,0.338,0.269,28.0,SF,34.0,7.0,-3.8,-0.3,0.015,"28,972,942"
272,Ramon Sessions,6.2,1.5,2.6,0.5,0.1,0.9,0.38,0.339,30.0,PG,1.0,11.0,-2.4,-0.1,0.055,"7,860,000"
273,Jonathon Simmons,6.2,2.1,1.6,0.6,0.3,1.0,0.42,0.294,27.0,SG,8.0,3.0,-2.6,-0.2,0.068,"1,145,773"
274,Derrick Williams,6.1,2.6,0.6,0.3,0.1,0.6,0.443,0.309,25.0,PF,11.0,7.0,-2.9,-0.2,0.064,"6,023,380"
275,Derrick Williams,6.1,2.6,0.6,0.3,0.1,0.6,0.443,0.309,25.0,PF,11.0,7.0,-2.9,-0.2,0.064,"553,009"
276,Luc Mbah a Moute,6.1,2.1,0.5,1.0,0.4,0.6,0.505,0.391,30.0,SF,76.0,10.0,-0.2,0.8,0.084,"2,885,930"
277,JaVale McGee,6.1,3.2,0.2,0.2,0.9,0.5,0.652,0.0,29.0,C,10.0,10.0,1.2,0.6,0.225,"1,838,730"
278,Zaza Pachulia,6.1,5.9,1.9,0.8,0.5,1.2,0.534,0.0,32.0,C,70.0,15.0,0.6,0.8,0.178,"3,796,380"
279,Álex Abrines,6.0,1.3,0.6,0.5,0.1,0.5,0.393,0.381,23.0,SG,6.0,2.0,-1.6,0.1,0.096,"7,853,140"
280,Bismack Biyombo,6.0,7.0,0.9,0.3,1.1,1.2,0.528,,24.0,C,27.0,7.0,-3.2,-0.6,0.077,"22,270,000"
281,Jordan Farmar,6.0,1.5,4.5,1.0,0.0,1.5,0.333,0.444,30.0,PG,0.0,12.0,2.1,0.0,0.063,"108,698"
282,David Nwaba,6.0,3.2,0.7,0.7,0.4,0.6,0.58,0.2,24.0,SG,2.0,2.0,-2.2,0.0,0.091,"96,321"
283,Lance Thomas,6.0,3.1,0.8,0.5,0.1,0.5,0.398,0.447,28.0,PF,15.0,7.0,-3.5,-0.4,0.046,"8,110,210"
284,Jerian Grant,5.9,1.8,1.9,0.7,0.1,0.7,0.425,0.366,24.0,PG,28.0,3.0,0.1,0.6,0.119,"2,152,382"
285,Andrew Harrison,5.9,1.9,2.8,0.7,0.3,1.2,0.325,0.276,22.0,PG,18.0,2.0,-3.4,-0.5,0.051,"1,237,950"
286,Domantas Sabonis,5.9,3.6,1.0,0.5,0.4,1.0,0.399,0.321,20.0,PF,66.0,2.0,-4.5,-1.0,0.022,"3,196,662"
287,Quincy Acy,5.8,3.0,0.5,0.4,0.4,0.6,0.412,0.411,26.0,PF,1.0,6.0,-2.1,0.0,0.082,"2,508,052"
288,Quincy Acy,5.8,3.0,0.5,0.4,0.4,0.6,0.412,0.411,26.0,PF,1.0,6.0,-2.1,0.0,0.082,"1,376,758"
289,Beno Udrih,5.8,1.5,3.4,0.3,0.0,0.9,0.467,0.344,34.0,PG,0.0,14.0,0.3,0.3,0.113,"1,284,364"
290,Tarik Black,5.7,5.1,0.6,0.4,0.7,0.9,0.51,0.5,25.0,C,16.0,4.0,-3.2,-0.3,0.105,"8,110,210"
291,Taurean Prince,5.7,2.7,0.9,0.7,0.5,1.0,0.4,0.324,22.0,SF,10.0,2.0,-1.8,0.0,0.054,"3,036,946"
292,Jason Smith,5.7,3.5,0.5,0.3,0.7,0.8,0.529,0.474,30.0,C,3.0,11.0,-1.8,0.1,0.103,"6,550,000"
293,Quinn Cook,5.6,0.5,1.9,0.3,0.0,0.9,0.5,0.423,23.0,PG,0.0,2.0,-3.1,-0.1,0.047,"83,756"
294,Quinn Cook,5.6,0.5,1.9,0.3,0.0,0.9,0.5,0.423,23.0,PG,0.0,2.0,-3.1,-0.1,0.047,"41,878"
295,Brandon Bass,5.6,2.5,0.4,0.3,0.2,0.6,0.575,0.333,31.0,PF,0.0,13.0,0.4,0.4,0.186,"2,032,673"
296,Gerald Green,5.6,1.8,0.7,0.2,0.1,0.5,0.409,0.351,31.0,SF,0.0,13.0,-3.0,-0.1,0.05,"1,847,883"
297,Ian Mahinmi,5.6,4.8,0.6,1.1,0.8,1.1,0.586,,30.0,C,0.0,11.0,-1.4,0.1,0.123,"20,960,000"
298,Delon Wright,5.6,1.8,2.1,1.0,0.4,0.9,0.422,0.333,24.0,PG,0.0,3.0,2.0,0.5,0.117,"2,066,236"
299,Jerami Grant,5.5,2.6,0.6,0.4,1.0,0.6,0.463,0.371,22.0,PF,4.0,4.0,-1.3,0.3,0.091,"1,284,364"
300,Anthony Morrow,5.5,0.6,0.5,0.5,0.0,0.1,0.389,0.308,31.0,SG,7.0,10.0,-2.3,0.0,0.083,"4,569,280"
301,Boban Marjanović,5.5,3.7,0.3,0.2,0.3,0.3,0.545,,28.0,C,0.0,3.0,5.5,0.6,0.28,"7,372,680"
302,Terry Rozier,5.5,3.1,1.8,0.6,0.1,0.6,0.367,0.318,22.0,PG,0.0,3.0,-1.4,0.2,0.054,"2,497,436"
303,Paul Zipser,5.5,2.8,0.8,0.3,0.4,0.9,0.398,0.333,22.0,SF,18.0,2.0,-4.4,-0.5,0.03,"982,500"
304,Malcolm Delaney,5.4,1.7,2.6,0.5,0.0,1.3,0.374,0.236,27.0,PG,2.0,2.0,-5.6,-1.1,0.005,"3,275,000"
305,Meyers Leonard,5.4,3.2,1.0,0.2,0.4,0.5,0.386,0.347,24.0,PF,12.0,6.0,-3.3,-0.4,0.053,"12,069,664"
306,Alexis Ajinça,5.3,4.5,0.3,0.5,0.6,0.8,0.5,0.0,28.0,C,15.0,10.0,-3.3,-0.2,0.08,"6,370,799"
307,Derrick Jones Jr.,5.3,2.5,0.4,0.4,0.4,0.4,0.562,0.273,19.0,SF,8.0,2.0,-2.3,0.0,0.098,"711,947"
308,Chasson Randle,5.3,1.2,1.3,0.3,0.1,0.7,0.408,0.34,23.0,PG,0.0,2.0,-1.7,0.0,0.106,"389,476"
309,Chasson Randle,5.3,1.2,1.3,0.3,0.1,0.7,0.408,0.34,23.0,PG,0.0,2.0,-1.7,0.0,0.106,"319,456"
310,Omri Casspi,5.2,3.1,1.0,0.6,0.1,0.8,0.47,0.349,28.0,PF,2.0,9.0,-3.2,-0.2,0.038,"3,882,596"
311,Omri Casspi,5.2,3.1,1.0,0.6,0.1,0.8,0.47,0.349,28.0,PF,2.0,9.0,-3.2,-0.2,0.038,"243,280"
312,Mike Dunleavy,5.2,2.2,0.9,0.3,0.1,0.5,0.423,0.396,36.0,SF,2.0,16.0,-1.4,0.1,0.086,"6,337,125"
313,Cameron Payne,5.2,1.5,1.8,0.5,0.1,0.9,0.332,0.314,22.0,PG,0.0,3.0,-6.1,-0.5,-0.035,"2,767,348"
314,Randy Foye,5.2,2.2,2.0,0.5,0.1,1.2,0.363,0.33,33.0,SG,40.0,12.0,-4.4,-0.8,0.006,"3,275,000"
315,Hollis Thompson,5.1,2.8,0.9,0.5,0.2,0.3,0.385,0.337,25.0,SG,9.0,5.0,-2.6,-0.1,0.047,"1,330,561"
316,Hollis Thompson,5.1,2.8,0.9,0.5,0.2,0.3,0.385,0.337,25.0,SG,9.0,5.0,-2.6,-0.1,0.047,"151,100"
317,Wayne Selden,5.1,1.1,0.9,0.4,0.1,0.9,0.431,0.25,22.0,SG,5.0,2.0,-5.5,-0.2,0.016,"108,885"
318,Wayne Selden,5.1,1.1,0.9,0.4,0.1,0.9,0.431,0.25,22.0,SG,5.0,2.0,-5.5,-0.2,0.016,"41,878"
319,Dewayne Dedmon,5.1,6.5,0.6,0.5,0.8,0.8,0.622,,27.0,C,37.0,5.0,0.6,0.9,0.189,"3,796,380"
320,Cheick Diallo,5.1,4.3,0.2,0.2,0.4,0.4,0.474,,20.0,PF,0.0,2.0,-3.7,-0.1,0.111,"711,947"
321,Shaun Livingston,5.1,2.0,1.8,0.5,0.3,0.8,0.547,0.333,31.0,PG,3.0,14.0,-2.5,-0.2,0.093,"7,575,009"
322,Luis Scola,5.1,3.9,1.0,0.4,0.1,0.9,0.47,0.34,36.0,PF,1.0,11.0,-2.9,-0.1,0.082,"6,550,000"
323,Denzel Valentine,5.1,2.6,1.1,0.5,0.1,0.9,0.354,0.351,23.0,SG,0.0,2.0,-3.3,-0.3,0.031,"2,740,782"
324,Anthony Bennett,5.0,3.4,0.5,0.2,0.1,0.5,0.413,0.271,23.0,PF,1.0,5.0,-1.4,0.0,0.09,"1,330,561"
325,Aaron Brooks,5.0,1.1,1.9,0.4,0.1,1.0,0.403,0.375,32.0,PG,0.0,11.0,-3.7,-0.4,0.016,"3,537,000"
326,Trey Burke,5.0,0.8,1.8,0.2,0.1,0.8,0.455,0.443,24.0,PG,0.0,5.0,-3.0,-0.2,0.036,"4,436,442"
327,Joakim Noah,5.0,8.8,2.2,0.7,0.8,1.3,0.49,0.0,31.0,C,46.0,11.0,-0.5,0.4,0.106,"22,270,000"
328,Thomas Robinson,5.0,4.6,0.6,0.5,0.2,1.0,0.536,0.0,25.0,PF,1.0,6.0,-2.1,0.0,0.079,"1,376,758"
329,Aron Baynes,4.9,4.4,0.4,0.2,0.5,0.7,0.513,,30.0,C,2.0,6.0,-2.7,-0.2,0.123,"8,515,000"
330,Toney Douglas,4.9,2.5,2.3,0.8,0.2,0.9,0.368,0.167,30.0,PG,0.0,9.0,-1.5,0.1,0.059,"739,977"
331,Juancho Hernangómez,4.9,3.0,0.5,0.5,0.2,0.5,0.451,0.407,21.0,PF,9.0,2.0,-0.1,0.4,0.104,"2,603,546"
332,Mario Hezonja,4.9,2.2,1.0,0.5,0.2,0.9,0.355,0.299,21.0,SF,2.0,3.0,-5.0,-0.7,-0.033,"5,121,890"
333,Josh McRoberts,4.9,3.4,2.3,0.5,0.2,1.0,0.373,0.419,29.0,PF,14.0,11.0,-1.6,0.0,0.036,"7,575,009"
334,Tiago Splitter,4.9,2.8,0.5,0.1,0.1,0.8,0.452,0.333,32.0,C,0.0,8.0,-4.3,0.0,0.072,"10,807,500"
335,Luke Babbitt,4.8,2.1,0.5,0.3,0.2,0.4,0.402,0.414,27.0,SF,55.0,8.0,-2.0,0.0,0.081,"1,607,744"
336,Jarell Eddie,4.8,1.4,0.0,0.2,0.0,0.2,0.316,0.25,25.0,SF,0.0,3.0,-2.4,0.0,0.054,"229,250"
337,Jarell Eddie,4.8,1.4,0.0,0.2,0.0,0.2,0.316,0.25,25.0,SF,0.0,3.0,-2.4,0.0,0.054,"134,796"
338,Kevin Séraphin,4.7,2.9,0.5,0.1,0.4,0.6,0.551,0.0,27.0,PF,3.0,8.0,-3.4,-0.2,0.082,"2,358,000"
339,Roy Hibbert,4.6,3.2,0.4,0.2,1.0,0.7,0.544,,30.0,C,13.0,10.0,-2.3,0.0,0.129,"6,550,000"
340,Isaiah Canaan,4.6,1.3,0.9,0.6,0.0,0.5,0.364,0.266,25.0,SG,0.0,5.0,-3.3,-0.2,0.042,"1,330,561"
341,Boris Diaw,4.6,2.2,2.3,0.2,0.1,1.2,0.446,0.247,34.0,PF,33.0,15.0,-2.5,-0.1,0.041,"9,170,000"
342,Kris Humphries,4.6,3.7,0.5,0.3,0.4,0.5,0.407,0.352,31.0,PF,4.0,14.0,-2.0,0.0,0.115,"6,065,300"
343,Kris Humphries,4.6,3.7,0.5,0.3,0.4,0.5,0.407,0.352,31.0,PF,4.0,14.0,-2.0,0.0,0.115,"5,240,000"
344,David West,4.6,3.0,2.2,0.6,0.7,1.1,0.536,0.375,36.0,C,0.0,15.0,2.8,1.0,0.148,"2,032,673"
345,Corey Brewer,4.5,2.0,1.2,0.7,0.2,0.7,0.422,0.229,30.0,SF,11.0,11.0,-2.7,-0.2,0.045,"9,971,945"
346,Dāvis Bertāns,4.5,1.5,0.7,0.3,0.4,0.5,0.44,0.399,24.0,PF,6.0,2.0,1.3,0.7,0.135,"711,947"
347,Reggie Bullock,4.5,2.1,0.9,0.6,0.1,0.3,0.422,0.384,25.0,SF,5.0,5.0,0.3,0.3,0.101,"2,954,893"
348,C.J. Watson,4.5,1.4,1.8,0.7,0.0,0.8,0.387,0.305,32.0,PG,9.0,11.0,-3.6,-0.4,0.041,"6,550,000"
349,Reggie Williams,4.5,1.0,0.7,0.5,0.0,0.0,0.348,0.455,30.0,SF,0.0,31.0,-0.8,0.0,0.098,"253,232"
350,Pierre Jackson,4.4,1.1,2.4,0.3,0.0,0.4,0.333,0.273,25.0,PG,1.0,2.0,-4.4,-0.1,0.021,"125,635"
351,Pierre Jackson,4.4,1.1,2.4,0.3,0.0,0.4,0.333,0.273,25.0,PG,1.0,2.0,-4.4,-0.1,0.021,"125,635"
352,Stanley Johnson,4.4,2.5,1.4,0.7,0.3,0.9,0.353,0.292,20.0,SF,1.0,3.0,-3.0,-0.3,0.012,"3,890,542"
353,Jordan McRae,4.4,1.1,0.5,0.2,0.2,0.4,0.387,0.353,25.0,SG,4.0,3.0,-3.7,-0.2,0.02,"1,145,773"
354,Lucas Nogueira,4.4,4.3,0.7,0.9,1.6,0.8,0.66,0.25,24.0,C,6.0,4.0,2.0,1.1,0.164,"2,516,929"
355,Jarrod Uthoff,4.4,2.4,1.0,0.2,0.4,0.3,0.421,0.333,23.0,PF,0.0,2.0,-2.2,0.0,0.083,"104,695"
356,Jarrod Uthoff,4.4,2.4,1.0,0.2,0.4,0.3,0.421,0.333,23.0,PF,0.0,2.0,-2.2,0.0,0.083,"65,500"
357,Noah Vonleh,4.4,5.2,0.4,0.4,0.4,0.9,0.481,0.35,21.0,PF,41.0,4.0,-3.9,-0.6,0.069,"3,604,281"
358,Tyler Ennis,4.3,0.8,1.6,0.5,0.0,0.8,0.433,0.386,22.0,PG,2.0,4.0,-3.2,-0.2,0.031,"2,271,382"
359,Ed Davis,4.3,5.3,0.6,0.3,0.5,0.8,0.528,,27.0,PF,12.0,8.0,-4.1,-0.4,0.104,"8,733,333"
360,Dorian Finney-Smith,4.3,2.7,0.8,0.6,0.3,0.6,0.372,0.293,23.0,PF,35.0,2.0,-2.6,-0.3,0.041,"711,947"
361,K.J. McDaniels,4.2,1.7,0.3,0.4,0.4,0.6,0.456,0.303,23.0,SF,0.0,,-2.3,0.0,0.051,"4,366,666"
362,Brandon Rush,4.2,2.1,1.0,0.5,0.5,0.6,0.374,0.386,31.0,SG,33.0,10.0,-2.5,-0.1,0.019,"4,585,000"
363,Pascal Siakam,4.2,3.4,0.3,0.5,0.8,0.6,0.502,0.143,22.0,PF,38.0,2.0,-2.4,-0.1,0.089,"1,566,812"
364,Ron Baker,4.1,1.9,2.1,0.7,0.2,1.1,0.378,0.267,23.0,SG,13.0,2.0,-4.7,-0.6,-0.008,"711,947"
365,Shabazz Napier,4.1,1.2,1.3,0.6,0.0,0.8,0.399,0.37,25.0,PG,2.0,4.0,-0.4,0.2,0.06,"1,768,657"
366,Jason Terry,4.1,1.4,1.3,0.6,0.3,0.5,0.432,0.427,39.0,SG,0.0,19.0,-0.9,0.4,0.075,"2,032,673"
367,Kay Felder,4.0,1.0,1.4,0.4,0.2,0.7,0.392,0.318,21.0,PG,0.0,2.0,-2.4,0.0,0.008,"711,947"
368,Thon Maker,4.0,2.0,0.4,0.2,0.5,0.3,0.459,0.378,19.0,C,34.0,2.0,-2.0,0.0,0.113,"3,364,866"
369,Patrick McCaw,4.0,1.4,1.1,0.5,0.2,0.5,0.433,0.333,21.0,SG,20.0,2.0,-2.4,-0.1,0.077,"711,947"
370,Anthony Brown,3.9,3.0,0.7,0.5,0.1,0.5,0.36,0.259,24.0,SF,0.0,3.0,-4.4,-0.1,0.001,"1,145,773"
371,Anthony Brown,3.9,3.0,0.7,0.5,0.1,0.5,0.36,0.259,24.0,SF,0.0,3.0,-4.4,-0.1,0.001,"128,056"
372,Anthony Brown,3.9,3.0,0.7,0.5,0.1,0.5,0.36,0.259,24.0,SF,0.0,3.0,-4.4,-0.1,0.001,"67,398"
373,Jarell Martin,3.9,3.9,0.2,0.4,0.2,0.7,0.384,0.36,22.0,PF,3.0,3.0,-5.8,-0.5,0.054,"1,684,869"
374,Malik Beasley,3.8,0.8,0.5,0.3,0.0,0.4,0.452,0.321,20.0,SG,1.0,2.0,-0.6,0.1,0.057,"2,131,789"
375,Kris Dunn,3.8,2.1,2.4,1.0,0.5,1.1,0.377,0.288,22.0,PG,7.0,2.0,-2.8,-0.3,0.004,"5,073,001"
376,Jonas Jerebko,3.8,3.5,0.9,0.3,0.2,0.5,0.435,0.346,29.0,PF,6.0,9.0,-2.4,-0.1,0.08,"6,550,000"
377,Johnny O'Bryant,3.5,1.7,0.5,0.0,0.1,0.5,0.5,0.5,23.0,PF,0.0,4.0,-2.4,0.0,0.088,"362,640"
378,Johnny O'Bryant,3.5,1.7,0.5,0.0,0.1,0.5,0.5,0.5,23.0,PF,0.0,4.0,-2.4,0.0,0.088,"151,100"
379,Tyus Jones,3.5,1.1,2.6,0.8,0.1,0.6,0.414,0.356,20.0,PG,0.0,3.0,0.2,0.4,0.096,"1,754,980"
380,Adreian Payne,3.5,1.8,0.4,0.4,0.4,0.4,0.426,0.2,25.0,PF,0.0,4.0,-2.3,0.0,0.086,"2,649,134"
381,Brian Roberts,3.5,1.0,1.3,0.2,0.0,0.6,0.377,0.386,31.0,PG,2.0,6.0,-4.2,-0.2,0.028,"1,376,758"
382,Rashad Vaughn,3.5,1.2,0.6,0.5,0.2,0.3,0.365,0.321,20.0,SG,2.0,3.0,-3.6,-0.2,-0.005,"2,372,462"
383,Tyler Zeller,3.5,2.4,0.8,0.1,0.4,0.4,0.494,0.0,27.0,C,5.0,6.0,-2.4,0.0,0.094,"10,480,000"
384,José Calderón,3.4,1.8,2.1,0.3,0.0,1.0,0.41,0.313,35.0,PG,13.0,13.0,-3.2,-0.2,0.023,"9,583,893"
385,José Calderón,3.4,1.8,2.1,0.3,0.0,1.0,0.41,0.313,35.0,PG,13.0,13.0,-3.2,-0.2,0.023,"514,146"
386,Kyle Anderson,3.4,2.9,1.3,0.7,0.4,0.5,0.445,0.375,23.0,SF,14.0,4.0,1.8,1.0,0.127,"1,561,624"
387,Dragan Bender,3.4,2.4,0.5,0.2,0.5,0.7,0.354,0.277,19.0,PF,0.0,2.0,-5.1,-0.4,-0.029,"5,601,979"
388,Dejounte Murray,3.4,1.1,1.3,0.2,0.2,1.0,0.431,0.391,20.0,PG,8.0,2.0,-4.8,-0.2,0.004,"1,545,904"
389,Jared Sullinger,3.4,2.5,0.3,0.4,0.1,0.4,0.319,0.167,24.0,PF,1.0,6.0,-7.2,-0.2,-0.031,"7,372,680"
390,Norris Cole,3.3,0.8,1.1,0.6,0.0,0.5,0.308,0.231,28.0,PG,0.0,7.0,-6.7,-0.1,-0.033,"377,451"
391,Darrun Hilliard,3.3,0.8,0.8,0.3,0.1,0.7,0.373,0.261,23.0,SG,1.0,3.0,-6.0,-0.4,-0.027,"1,145,773"
392,Nicolás Laprovíttola,3.3,0.6,1.6,0.2,0.1,1.1,0.426,0.37,27.0,PG,3.0,2.0,-3.9,-0.1,0.044,"268,027"
393,Gary Payton II,3.3,2.0,2.2,0.5,0.7,1.7,0.364,0.111,24.0,PG,0.0,2.0,-6.5,-0.1,-0.074,"711,947"
394,Gary Payton II,3.3,2.0,2.2,0.5,0.7,1.7,0.364,0.111,24.0,PG,0.0,2.0,-6.5,-0.1,-0.074,"46,066"
395,Wade Baldwin,3.2,1.4,1.8,0.5,0.2,1.2,0.313,0.136,20.0,PG,1.0,2.0,-5.5,-0.3,-0.041,"2,349,825"
396,Henry Ellenson,3.2,2.2,0.4,0.1,0.1,0.7,0.359,0.286,20.0,PF,2.0,2.0,-5.9,-0.1,-0.071,"2,232,397"
397,Paul Pierce,3.2,1.9,0.4,0.2,0.2,0.6,0.4,0.349,39.0,SF,7.0,20.0,-4.7,-0.2,0.015,"4,621,575"
398,Briante Weber,3.1,1.3,1.1,0.6,0.1,0.4,0.417,0.1,24.0,PG,0.0,3.0,-3.7,-0.1,0.059,"429,665"
399,Briante Weber,3.1,1.3,1.1,0.6,0.1,0.4,0.417,0.1,24.0,PG,0.0,3.0,-3.7,-0.1,0.059,"303,292"
400,Briante Weber,3.1,1.3,1.1,0.6,0.1,0.4,0.417,0.1,24.0,PG,0.0,3.0,-3.7,-0.1,0.059,"83,757"
401,Maurice Ndour,3.1,2.0,0.3,0.5,0.3,0.4,0.453,0.143,24.0,PF,4.0,2.0,-2.8,-0.1,0.059,"711,947"
402,Jakob Poeltl,3.1,3.1,0.2,0.3,0.4,0.5,0.583,,21.0,C,4.0,2.0,-3.1,-0.2,0.125,"3,542,187"
403,Jarrett Jack,3.0,0.0,2.5,1.0,0.0,1.5,0.667,0.0,33.0,PG,0.0,13.0,-1.4,0.0,0.06,"1,284,364"
404,Jarrett Jack,3.0,0.0,2.5,1.0,0.0,1.5,0.667,0.0,33.0,PG,0.0,13.0,-1.4,0.0,0.06,"655,000"
405,Jarrett Jack,3.0,0.0,2.5,1.0,0.0,1.5,0.667,0.0,33.0,PG,0.0,13.0,-1.4,0.0,0.06,"119,568"
406,Sheldon Mac,3.0,1.1,0.5,0.3,0.1,0.2,0.4,0.233,24.0,SG,3.0,2.0,-2.3,0.0,0.076,"711,947"
407,Sasha Vujačić,3.0,1.4,1.2,0.3,0.0,0.4,0.309,0.311,32.0,SG,4.0,14.0,-3.2,-0.1,0.014,"1,847,883"
408,Andrew Bogut,2.9,8.1,1.8,0.5,0.9,1.6,0.469,0.0,32.0,C,21.0,13.0,-2.6,-0.1,0.055,"14,445,405"
409,Andrew Bogut,2.9,8.1,1.8,0.5,0.9,1.6,0.469,0.0,32.0,C,21.0,13.0,-2.6,-0.1,0.055,"502,189"
410,Lavoy Allen,2.9,3.6,0.9,0.3,0.4,0.5,0.458,0.0,27.0,PF,5.0,7.0,-1.7,0.1,0.093,"4,585,000"
411,Alan Anderson,2.9,0.8,0.4,0.1,0.0,0.2,0.375,0.318,34.0,SF,0.0,13.0,-6.1,-0.3,0.02,"1,723,236"
412,Semaj Christon,2.9,1.4,2.0,0.4,0.1,0.7,0.345,0.19,24.0,PG,1.0,2.0,-5.1,-0.8,0.006,"711,947"
413,Salah Mejri,2.9,4.2,0.2,0.4,0.8,0.5,0.642,0.333,30.0,C,11.0,3.0,-0.7,0.3,0.159,"1,145,773"
414,Fred VanVleet,2.9,1.1,0.9,0.4,0.1,0.4,0.351,0.379,22.0,PG,0.0,2.0,-2.1,0.0,0.04,"711,947"
415,Jeff Withey,2.9,2.4,0.1,0.3,0.6,0.3,0.534,0.0,26.0,C,1.0,5.0,1.4,0.4,0.205,"1,330,561"
416,Axel Toupane,2.8,0.3,0.0,0.3,0.3,0.0,0.556,0.25,24.0,SF,0.0,3.0,-6.2,-0.1,0.061,"1,145,773"
417,Axel Toupane,2.8,0.3,0.0,0.3,0.3,0.0,0.556,0.25,24.0,SF,0.0,3.0,-6.2,-0.1,0.061,"67,398"
418,Axel Toupane,2.8,0.3,0.0,0.3,0.3,0.0,0.556,0.25,24.0,SF,0.0,3.0,-6.2,-0.1,0.061,"67,398"
419,Nicolás Brussino,2.8,1.8,0.9,0.3,0.1,0.5,0.369,0.305,23.0,SG,2.0,2.0,-1.6,0.1,0.055,"711,947"
420,Marcus Georges-Hunt,2.8,1.8,0.6,0.2,0.0,0.4,0.286,0.5,22.0,SG,0.0,2.0,-4.5,0.0,0.107,"41,878"
421,Marcus Georges-Hunt,2.8,1.8,0.6,0.2,0.0,0.4,0.286,0.5,22.0,SG,0.0,2.0,-4.5,0.0,0.107,"41,878"
422,Marcus Georges-Hunt,2.8,1.8,0.6,0.2,0.0,0.4,0.286,0.5,22.0,SG,0.0,2.0,-4.5,0.0,0.107,"32,750"
423,James Jones,2.8,0.8,0.3,0.1,0.2,0.2,0.478,0.47,36.0,SF,2.0,15.0,-0.3,0.2,0.102,"2,032,673"
424,Chinanu Onuaku,2.8,2.0,0.6,0.6,0.2,0.8,0.714,,20.0,C,1.0,2.0,-1.5,0.0,0.123,"711,947"
425,Kyle Singler,2.8,1.5,0.3,0.2,0.2,0.3,0.41,0.189,28.0,SF,2.0,6.0,-4.3,-0.2,0.034,"6,337,125"
426,Okaro White,2.8,2.3,0.6,0.3,0.3,0.5,0.379,0.353,24.0,PF,0.0,2.0,-3.1,-0.1,0.066,"407,403"
427,Ömer Aşık,2.7,5.3,0.5,0.2,0.3,0.5,0.477,,30.0,C,19.0,8.0,-3.7,-0.2,0.1,"12,974,887"
428,DeAndre' Bembry,2.7,1.6,0.7,0.2,0.1,0.4,0.48,0.056,22.0,SF,1.0,2.0,-3.5,-0.1,0.038,"1,964,685"
429,Marcelo Huertas,2.7,1.0,2.3,0.4,0.1,0.8,0.368,0.211,33.0,PG,1.0,3.0,-4.6,-0.2,-0.025,"1,965,000"
430,Wesley Johnson,2.7,2.7,0.3,0.4,0.4,0.3,0.365,0.246,29.0,SF,3.0,8.0,-2.0,0.0,0.051,"7,372,680"
431,Tomáš Satoranský,2.7,1.5,1.6,0.5,0.1,0.7,0.415,0.243,25.0,SG,3.0,2.0,-2.4,-0.1,0.04,"3,760,765"
432,Christian Wood,2.7,2.2,0.2,0.2,0.5,0.5,0.522,0.0,21.0,PF,0.0,3.0,-2.6,0.0,0.125,"1,145,773"
433,Andrew Nicholson,2.6,1.6,0.3,0.4,0.2,0.4,0.387,0.185,27.0,PF,0.0,6.0,-6.0,-0.3,-0.019,"7,976,580"
434,Bryn Forbes,2.6,0.6,0.6,0.0,0.0,0.3,0.364,0.321,23.0,SG,0.0,2.0,-5.4,-0.2,0.014,"711,947"
435,DeAndre Liggins,2.5,1.7,0.9,0.8,0.2,0.7,0.387,0.37,28.0,SG,19.0,7.0,-2.2,0.0,0.031,"1,299,254"
436,DeAndre Liggins,2.5,1.7,0.9,0.8,0.2,0.7,0.387,0.37,28.0,SG,19.0,7.0,-2.2,0.0,0.031,"31,306"
437,Miles Plumlee,2.5,2.1,0.5,0.4,0.3,0.7,0.478,,28.0,C,12.0,6.0,-5.0,-0.4,0.045,"16,244,000"
438,Bobby Brown,2.5,0.2,0.6,0.0,0.0,0.2,0.383,0.4,32.0,PG,0.0,10.0,-3.6,0.0,0.04,"1,231,491"
439,Pat Connaughton,2.5,1.3,0.7,0.2,0.1,0.4,0.514,0.515,24.0,SG,1.0,3.0,-0.7,0.1,0.09,"1,145,773"
440,Kevon Looney,2.5,2.3,0.5,0.3,0.3,0.3,0.523,0.222,20.0,C,4.0,3.0,-1.7,0.0,0.155,"1,549,520"
441,Raul Neto,2.5,0.8,0.9,0.5,0.1,0.4,0.451,0.323,24.0,PG,0.0,3.0,-0.1,0.2,0.1,"1,149,918"
442,Mike Scott,2.5,2.1,0.9,0.2,0.2,0.4,0.288,0.148,28.0,PF,0.0,6.0,-5.5,-0.2,-0.014,"4,366,666"
443,Chris McCullough,2.3,1.2,0.1,0.1,0.1,0.2,0.5,0.143,21.0,PF,0.0,3.0,-3.6,0.0,0.072,"1,560,838"
444,Chris Andersen,2.3,2.6,0.4,0.4,0.6,0.4,0.409,0.0,38.0,C,0.0,17.0,-2.5,0.0,0.102,"2,032,673"
445,Greivis Vásquez,2.3,0.7,1.7,0.3,0.3,0.3,0.25,0.333,30.0,PG,0.0,8.0,-5.5,0.0,-0.006,"5,695,652"
446,James Young,2.3,0.9,0.1,0.3,0.1,0.1,0.431,0.343,21.0,SG,0.0,4.0,-1.3,0.0,0.076,"2,391,012"
447,A.J. Hammons,2.2,1.6,0.2,0.0,0.6,0.5,0.405,0.5,24.0,C,0.0,,-6.6,-0.2,-0.001,"851,500"
448,Jake Layman,2.2,0.7,0.3,0.3,0.1,0.3,0.292,0.255,22.0,SF,1.0,2.0,-6.4,-0.3,-0.054,"786,000"
449,Treveon Graham,2.1,0.8,0.2,0.2,0.0,0.1,0.475,0.6,23.0,SG,1.0,2.0,-1.0,0.1,0.108,"711,947"
450,Joe Young,2.1,0.5,0.5,0.1,0.0,0.2,0.361,0.217,24.0,PG,0.0,3.0,-5.2,-0.1,-0.022,"1,378,568"
451,Rakeem Christmas,2.0,1.9,0.1,0.1,0.2,0.3,0.442,,25.0,PF,0.0,3.0,-5.0,-0.2,0.099,"1,378,568"
452,Manny Harris,2.0,2.3,0.5,0.0,0.0,0.5,0.2,0.0,27.0,SG,0.0,8.0,-14.8,-0.1,-0.364,"156,535"
453,Gary Neal,2.0,0.5,0.5,0.0,0.0,0.0,0.0,0.0,32.0,SG,0.0,8.0,-15.9,-0.1,-0.189,"94,572"
454,Udonis Haslem,1.9,2.3,0.4,0.4,0.1,0.5,0.478,0.0,36.0,C,0.0,15.0,-5.3,-0.1,0.074,"5,240,000"
455,Damian Jones,1.9,2.3,0.0,0.1,0.4,0.6,0.5,,21.0,C,0.0,2.0,-9.7,-0.2,0.018,"1,534,743"
456,Marshall Plumlee,1.9,2.4,0.5,0.2,0.2,0.6,0.533,,24.0,C,1.0,2.0,-4.6,-0.1,0.048,"711,947"
457,Tim Quarterman,1.9,0.9,0.7,0.1,0.2,0.7,0.448,0.385,22.0,SG,0.0,2.0,-2.8,0.0,-0.044,"711,947"
458,Joel Bolomboy,1.8,1.4,0.2,0.1,0.2,0.2,0.563,0.25,23.0,PF,0.0,2.0,3.4,0.1,0.171,"786,000"
459,John Jenkins,1.8,0.3,0.3,0.0,0.0,0.0,0.4,0.5,25.0,SG,0.0,6.0,2.2,0.0,0.167,"1,376,758"
460,Lamar Patterson,1.8,1.4,1.2,0.2,0.0,0.8,0.2,0.167,25.0,SG,0.0,3.0,-11.4,-0.1,-0.176,"318,281"
461,Damjan Rudež,1.8,0.6,0.4,0.3,0.0,0.2,0.352,0.313,30.0,SF,0.0,4.0,-4.5,-0.2,0.008,"1,284,364"
462,Cole Aldrich,1.7,2.5,0.4,0.4,0.4,0.3,0.523,,28.0,C,0.0,8.0,-0.8,0.2,0.116,"10,013,612"
463,Nick Collison,1.7,1.6,0.6,0.1,0.1,0.2,0.609,0.0,36.0,PF,0.0,14.0,-0.2,0.1,0.145,"4,912,500"
464,Jordan Hill,1.7,2.0,0.0,0.1,0.0,0.6,0.385,,29.0,C,0.0,9.0,-12.3,-0.1,-0.033,"5,240,000"
465,Bruno Caboclo,1.6,1.1,0.4,0.2,0.1,0.2,0.375,0.333,21.0,SF,0.0,4.0,1.0,0.0,0.083,"2,082,428"
466,Deyonta Davis,1.6,1.7,0.1,0.1,0.5,0.2,0.511,,20.0,C,0.0,2.0,-4.6,-0.2,0.097,"1,793,689"
467,Ryan Kelly,1.6,1.1,0.5,0.3,0.3,0.3,0.286,0.4,25.0,PF,0.0,5.0,-3.1,0.0,0.029,"934,429"
468,Jordan Mickey,1.5,1.4,0.3,0.1,0.2,0.4,0.441,0.0,22.0,PF,1.0,3.0,-4.7,-0.1,0.036,"1,602,985"
469,Jarnell Stokes,1.5,1.0,1.0,0.5,0.0,0.0,1.0,,23.0,C,0.0,4.0,16.8,0.0,0.48,"196,500"
470,Mike Miller,1.4,1.9,1.1,0.1,0.0,0.7,0.391,0.4,36.0,SF,0.0,18.0,-1.5,0.0,0.018,"4,585,000"
471,Diamond Stone,1.4,0.9,0.0,0.0,0.1,0.3,0.231,,19.0,C,0.0,2.0,-20.8,-0.1,-0.211,"711,947"
472,Joel Anthony,1.3,1.6,0.2,0.1,0.3,0.2,0.625,,34.0,C,0.0,11.0,-2.1,0.0,0.141,"869,591"
473,Brice Johnson,1.3,1.0,0.3,0.7,0.3,0.3,0.286,,22.0,PF,0.0,2.0,-2.0,0.0,-0.165,"1,668,835"
474,Daniel Ochefu,1.3,1.2,0.2,0.1,0.0,0.2,0.444,,23.0,C,0.0,2.0,-8.4,-0.1,0.005,"711,947"
475,Anderson Varejão,1.3,1.9,0.7,0.2,0.2,0.6,0.357,,34.0,C,1.0,14.0,-4.2,-0.1,0.097,"12,183,000"
476,Anderson Varejão,1.3,1.9,0.7,0.2,0.2,0.6,0.357,,34.0,C,1.0,14.0,-4.2,-0.1,0.097,"2,032,673"
477,Ronnie Price,1.0,0.8,1.3,0.8,0.1,0.2,0.167,0.176,33.0,PG,0.0,13.0,-3.4,0.0,0.002,"3,350,383"
478,Ronnie Price,1.0,0.8,1.3,0.8,0.1,0.2,0.167,0.176,33.0,PG,0.0,13.0,-3.4,0.0,0.002,"908,723"
479,Mike Tobey,1.0,1.5,0.5,0.0,0.0,0.5,0.25,,22.0,C,0.0,2.0,-9.5,0.0,-0.07,"182,007"
480,C.J. Wilcox,1.0,0.5,0.5,0.1,0.0,0.3,0.258,0.2,26.0,SG,0.0,4.0,-8.1,-0.2,-0.09,"1,584,576"
481,Georges Niang,0.9,0.7,0.2,0.1,0.0,0.2,0.25,0.083,23.0,PF,0.0,2.0,-11.7,-0.2,-0.168,"851,500"
482,Kyle Wiltjer,0.9,0.7,0.1,0.2,0.1,0.4,0.286,0.308,24.0,PF,0.0,2.0,-5.4,0.0,-0.039,"711,947"
483,Alonzo Gee,0.8,1.2,0.5,0.4,0.1,0.3,0.214,0.0,29.0,SF,0.0,9.0,-6.7,-0.1,-0.032,"1,834,000"
484,Alonzo Gee,0.8,1.2,0.5,0.4,0.1,0.3,0.214,0.0,29.0,SF,0.0,9.0,-6.7,-0.1,-0.032,"560,292"
485,Alonzo Gee,0.8,1.2,0.5,0.4,0.1,0.3,0.214,0.0,29.0,SF,0.0,9.0,-6.7,-0.1,-0.032,"560,292"
486,Larry Sanders,0.8,0.8,0.0,0.2,0.2,0.4,0.25,,28.0,C,0.0,8.0,-15.0,0.0,-0.029,"6,550,000"
487,Larry Sanders,0.8,0.8,0.0,0.2,0.2,0.4,0.25,,28.0,C,0.0,8.0,-15.0,0.0,-0.029,"272,115"
488,Isaiah Taylor,0.8,0.8,0.8,0.3,0.3,0.0,0.143,0.0,22.0,PG,0.0,2.0,-7.8,-0.1,-0.028,"399,550"
489,Steve Novak,0.6,0.4,0.0,0.0,0.0,0.0,0.286,0.167,33.0,PF,0.0,12.0,-11.2,-0.1,-0.075,"2,032,673"
490,Arinze Onuaku,0.5,0.8,0.3,0.0,0.1,0.3,0.5,,29.0,C,0.0,5.0,-6.4,0.0,-0.005,"559,075"
491,Michael Gbinije,0.4,0.3,0.2,0.0,0.0,0.0,0.1,0.0,24.0,SG,0.0,2.0,-12.1,-0.1,-0.136,"851,500"
492,John Lucas III,0.4,0.0,0.2,0.4,0.0,0.0,0.25,0.0,34.0,PG,0.0,13.0,3.1,0.0,-0.033,"760,250"
493,Aaron Harrison,0.2,0.6,0.6,0.0,0.0,0.0,0.0,0.0,22.0,SG,0.0,3.0,-11.8,0.0,-0.146,"478,528"
494,Ben Bentil,0.0,0.7,0.0,0.0,0.0,0.3,0.0,0.0,21.0,PF,0.0,2.0,-25.9,-0.1,-0.473,"327,500"
495,Ben Bentil,0.0,0.7,0.0,0.0,0.0,0.3,0.0,0.0,21.0,PF,0.0,2.0,-25.9,-0.1,-0.473,"41,878"
496,Patricio Garino,0.0,1.4,0.0,0.0,0.0,0.6,0.0,0.0,23.0,SG,0.0,2.0,-17.9,-0.2,-0.25,"131,000"
497,Patricio Garino,0.0,1.4,0.0,0.0,0.0,0.6,0.0,0.0,23.0,SG,0.0,2.0,-17.9,-0.2,-0.25,"41,878"
498,Danuel House Jr.,0.0,1.0,0.0,0.0,0.0,0.0,,,23.0,SG,0.0,2.0,0.9,0.0,0.163,"711,947"
499,R.J. Hunter,0.0,0.3,0.0,0.0,0.0,0.0,0.0,0.0,23.0,SG,0.0,,-9.0,0.0,-0.088,"1,572,314"
500,R.J. Hunter,0.0,0.3,0.0,0.0,0.0,0.0,0.0,0.0,23.0,SG,0.0,,-9.0,0.0,-0.088,"556,750"
